Date,Time,Event,Organizer,Registration,,,,,,,
"21st February, Friday",8:00am-9:00am,MEME COMBAT,Venture Capital Community,https://lu.ma/lh84ty36,,,,,,,#REF!
"21st February, Friday",8:00am-9:00am,Blockchain Game Award,Fabwelt Game,https://lu.ma/yemu7bbq,,,,,,,
"21st February, Friday",11:00am-1:30pm,Agentic Feast @ ETH Denver,QuillAudits,https://lu.ma/67w718ki,,,,,,,
"22nd February, Saturday",5:30pm-8:30pm,The ETH Table,Stacy,https://lu.ma/u56uybhn,,,,,,,
"22nd February, Saturday",5:30pm-9:00pm,ETH TABLE SPRINTER,Vinith.N,https://lu.ma/bx8xw2hw,,,,,,,
"22nd February, Saturday",7:00pm-1:00am,The Blockspace Mansion Opening Party,WebZero,https://lu.ma/n1dubk3s,,,,,,,
"23rd February, Sunday",9:00am-10:00am,CEX Listing: Token Self-Scaling,LATOKEN,https://lu.ma/em5g3o0hq,,,,,,,
"23rd February, Sunday",10:00am-6:00pm,Agent Zero: Crypto x AI ETH DENVER Hacker House,Web3 Familia,https://lu.ma/g1b1tos4,,,,,,,
"23rd February, Sunday",7:00pm-10:00pm,Mario Kart Nintendo64 Olympics,WebZero,https://lu.ma/mariokartDenver,,,,,,,
"24th February, Monday",4:00am-10:00am,The Jetlag Club - ChainSecurity (Monday 4am),ChainSecurity,https://lu.ma/3vrv9hch,,,,,,,
"24th February, Monday",7:00am-8:30am,YAP Run w/ Receipts & Mensana Fitness,Mensana Fitness,https://lu.ma/dk3tmoou,,,,,,,
"24th February, Monday",10:00am-1:00pm,ETHDenver Builders Breakfast: Monetizable Open Source AI,Bagel,https://lu.ma/947s41cc,,,,,,,
"24th February, Monday",10:00am-6:00pm,searcher.wtf: Denver,"Aori, Initia, Across, Tokka Labs",https://lu.ma/searcher.wtf,,,,,,,
Stake Capital Group,10:00am-8:00pm,"ML + AI, DeFAI Cowork And Panels with CrunchDAO, Nillion, io.net","CrunchDAO, Nillion, io.net",https://lu.ma/1nmhylxr,,,,,,,
"24th February, Monday",10:00am-12:00pm,DevRel Brunch,WebZero,https://lu.ma/6sc4gydr,,,,,,,
"24th February, Monday",11:00am-5:30pm,NoirCon 1,Aztec and Starknet Events,https://lu.ma/38g79n99,,,,,,,
"24th February, Monday",11:00am-7:00pm,Web3 Marketing Hackathon w/ The Defiant,"OOO Podcast, The Defiant",https://lu.ma/11soctw0,,,,,,,
"24th February, Monday",12:00pm-7:00pm,Restaking Circle,Staking Circle,https://lu.ma/restaking_denver,,,,,,,
"24th February, Monday",1:00pm-1:20pm,Making L2s secure with Assertions,,https://lu.ma/iroc4czp,,,,,,,
"24th February, Monday",2:30pm-2:50pm,SpaceTEEs and L2 Security: A New Frontier in Confidential Computing,,https://lu.ma/7o0rc82t,,,,,,,
"24th February, Monday",5:00pm-8:00pm,Kickoff Happy Hour by Cantina,Cantina,https://lu.ma/x8cobk88,,,,,,,
"24th February, Monday",5:00pm-8:00pm,Open Source & Creative AI: Using ComfyUI for Real Time Video AI,Livepeer,https://lu.ma/dkuob1j4,,,,,,,
"24th February, Monday",5:00pm-9:00pm,"3rd Annual GameFi Night w/ Halborn, Pool, TezzaPoker","Halborn, Pool, TezzaPoker",https://lu.ma/rnwroe5d,,,,,,,
"24th February, Monday",6:00pm-,Story House Speakers' Dinner,Story Foundation,https://platform.serotonin.co/e,,,,,,,
"24th February, Monday",6:00pm-9:00pm,"CryptoMondays ETHDenver Bittensor, Brews, Blockchain & Manifest Impr",CryptoMondays,https://lu.ma/71q3k71f,,,,,,,
"24th February, Monday",6:00pm-9:00pm,The Ethereum Ball at Meow Wolf,Aztec,https://lu.ma/oaiwk2ow,,,,,,,
"24th February, Monday",6:00pm-10:00pm,ZK Hack Meetup in Denver,ZK Hack,https://lu.ma/kbl92jd9,,,,,,,
"24th February, Monday",7:00pm-2:00am,LOST TRIBES RAVE,WebZero,https://lu.ma/8a5polj7,,,,,,,
"25th February, Tuesday",ALL DAY,Pragma Denver 2025,ETHGlobal,https://ethglobal.com/events/p,,,,,,,
"25th February, Tuesday",ALL DAY,Tokenized Capital Summit 2025,Gamma Prime,https://gammaprime.fi/summit,,,,,,,
"25th February, Tuesday",7:30am-9:00am,AM Run & Workout w/ Bankless VC,BanklessVC,https://lu.ma/vi6lo4e3,,,,,,,
"25th February, Tuesday",7:30am-2:30pm,Security Coffee and AMA Office Hours,Cantina,https://lu.ma/ubiur8lu,,,,,,,
"25th February, Tuesday",8:00am-9:30am,Muay Thai @ETHDenver,Ebisu Money and Alea Rese,https://lu.ma/mrsglvgq,,,,,,,
"25th February, Tuesday",8:00am-12:00pm,Data & Chill Caf√©,Noves,https://lu.ma/nausuu3k,,,,,,,
"25th February, Tuesday",9:00am-11:00am,AI Crypto Trading Mastermind,Mike Sailor and ni¬¢k,https://lu.ma/la0z5175,,,,,,,
"25th February, Tuesday",9:00am-11:30am,DePIN Breakfast ‚Äì ICN Foundation Meet Up,ICN Foundation,https://lu.ma/enimvhfp,,,,,,,
"25th February, Tuesday",9:00am-12:00pm,US-ASIA web3 community day in Denver!,APAC DAO,https://lu.ma/ulm5bpeb,,,,,,,
"25th February, Tuesday",9:00am-12:00pm,ZK Morning Coffee @ ETH Denver,"ZkCloud (Gevulot), Electron",https://lu.ma/nei4qu55,,,,,,,
"25th February, Tuesday",9:00am-6:00pm,DePIN + AI Summit by CrunchDAO,"CrunchDAO, Nillion, io.net",https://lu.ma/gpxd56xc,,,,,,,
"25th February, Tuesday",9:30am-11:30am,Adventure Hike @ Red Rocks,Cryptorado Community,https://lu.ma/26zw3dyo,,,,,,,
"25th February, Tuesday",10:00am-4:00pm,PMF Summit,"Rena, Camp, Movement",https://lu.ma/jt72ivdh,,,,,,,
"25th February, Tuesday",10:00am-4:00pm,Plume Denver,Plume Network,https://lu.ma/4likmazq,,,,,,,
"25th February, Tuesday",10:00am-12:00pm,To the Moon: Meme Coin Mania,Stacy,https://lu.ma/02b4r615,,,,,,,
"25th February, Tuesday",10:00am-1:00am,HederaCon 2025,Hedera,https://hederacon.hedera.com,,,,,,,
"25th February, Tuesday",10:30am-6:30pm,Restaking & Infra Day | EthDenver,Epic Web3,https://lu.ma/restakingdenver2,,,,,,,
"25th February, Tuesday",11:00am-4:00pm,Day Of DePIN @ ETHDenver 2025,DePHY and DeChargee,https://lu.ma/dayofdepin,,,,,,,
"25th February, Tuesday",11:00am-5:00pm,Encode Denver Modular DeFi Research Day,Encode Club,https://lu.ma/Denver-Research,,,,,,,
"25th February, Tuesday",11:00am-6:00pm,Base Game Night,Reddy Builders,https://lu.ma/vxluo192,,,,,,,
"25th February, Tuesday",12:00pm-3:00pm,The Golden Age of Bitcoin | ETHDenver,Nubit,https://lu.ma/1105es10,,,,,,,
"25th February, Tuesday",12:00pm-5:00pm,SOCIAL EVERYTHING,LUKSO,https://lu.ma/c409y94l,,,,,,,
"25th February, Tuesday",12:00pm-8:00pm,Agents Day - AI x Web3 | Denver 2025,Epic Web3,https://lu.ma/agentsday,,,,,,,
"25th February, Tuesday",12:15pm-12:35pm,State of ZK + Bitcoin,,https://lu.ma/n27sxo4k,,,,,,,
"25th February, Tuesday",12:30pm-6:30pm,Virtuals Demo Day by Agentstarter | ETH Denver,Agentstarter and Virtuals Prc,https://lu.ma/tmhnzz6u,,,,,,,
"25th February, Tuesday",12:30pm-7:00pm,BNB Incubation Alliance - Denver,BNB,https://lu.ma/60i1t28x,,,,,,,
"25th February, Tuesday",1:00pm-4:00pm,"Founders, VCs & More Brunch at ETH Denver 2025",Treta Labs,https://lu.ma/d1fvdi0c,,,,,,,
"25th February, Tuesday",1:00pm-8:00pm,Story House,Story,https://lu.ma/storyhousedenve,,,,,,,
"25th February, Tuesday",2:00pm-3:00pm,Who Controls the Fate of Ethereum?,,https://lu.ma/71m4q38q,,,,,,,
"25th February, Tuesday",2:00pm-6:00pm,ETHGas | ETHDenver 2025,ETHGAS and BlueYard Cap,https://lu.ma/ETHGasDenver,,,,,,,
"25th February, Tuesday",3:00pm-6:00pm,Snowcap Durian - The Hyperdurianization is Inevitable!,"Durian2069, Spacecoin.xyz",https://lu.ma/r9c9yk8w,,,,,,,
"25th February, Tuesday",3:15pm-3:35pm,How the team that built Mina will solve Web3's state management problem,o1Labs and =nil; Foundation,https://lu.ma/rk7ki3th,,,,,,,
"25th February, Tuesday",4:00pm-8:00pm,Orchestration Lounge ETHDenver,Agoric,https://lu.ma/orchestration-den,,,,,,,
"25th February, Tuesday",4:30pm-6:00pm,NEAR & Delphi Digital Happy Hour!,NEAR Protocol,https://lu.ma/tb9x0zaa,,,,,,,
"25th February, Tuesday",5:00pm-8:00pm,DeAI + Wine + Cheese,OORT,https://lu.ma/n60z9r9i,,,,,,,
"25th February, Tuesday",5:00pm-9:00pm,Safe Guardians Gather,Safe Events,https://lu.ma/sbdeidzh,,,,,,,
"25th February, Tuesday",5:00pm-9:00pm,Your Agent Ate My Pizza!,Safe,https://lu.ma/9oqrbs6s,,,,,,,
"25th February, Tuesday",5:30pm-10:00pm,Web3 is a Joke presents Crypto Roast Comedy Night At EthDenver!,Web3isajoke and Sui Comm,https://lu.ma/5voppmr7,,,,,,,
"25th February, Tuesday",6:00pm-8:30pm,ETHGlobal Happy Hour Denver,ETHGlobal,https://lu.ma/ethglobal-happy,,,,,,,
"25th February, Tuesday",6:00pm-8:30pm,"Aon, IMS, Lemma and BACI Reception at ETH Denver",Blockchain Association,https://lu.ma/tt204iyv,,,,,,,
"25th February, Tuesday",6:00pm-8:30pm,Gensyn Mixer @ ETHDenver,Gensyn,https://lu.ma/zOv7px3q,,,,,,,
"25th February, Tuesday",6:00pm-9:00pm,"Tap in: With Movement, Ottersec, and Friends","Movement, OtterSec and Ec",https://lu.ma/tapin,,,,,,,
"25th February, Tuesday",6:00pm-10:00pm,Starknet Denver Hacker House Demo night,Starknet Events,https://lu.ma/SNDenverDemo,,,,,,,
"25th February, Tuesday",6:00pm-10:00pm,OnlyDust: Ecosystem Growth & DevRel VIP dinner,OnlyDust,https://lu.ma/o83uomet,,,,,,,
"25th February, Tuesday",6:00pm-10:00pm,Nibiru Unchained: Uncorking the EVM at ETH Denver 2025,Nibiru Chain,https://lu.ma/0cfqdu1r,,,,,,,
"25th February, Tuesday",6:00pm-10:00pm,ResearchHub Presents: The Roast of DeSci,Syde Events,https://lu.ma/the-roast-of-desc,,,,,,,
"25th February, Tuesday",6:00pm-10:30pm,BitVM Night Denver,BOB,https://lu.ma/i7281vd,,,,,,,
"25th February, Tuesday",7:00pm-10:00pm,Age of the Agents // ETH Denver,DeAI,https://lu.ma/kaa7dm19,,,,,,,
"25th February, Tuesday",7:00pm-10:00pm,Social Capital by Mantle,Mantle,https://lu.ma/bo36sbkt,,,,,,,
"25th February, Tuesday",7:00pm-10:30pm,The Liquidity Games @ EthDenver,Liquidity.Land and FrensDA,https://lu.ma/f1gwnlz6,,,,,,,
"25th February, Tuesday",7:00pm-11:00pm,STELLAR AFTER DARK: GAME NIGHT at the Denver Aquarium,Stellar Development Foundation,https://lu.ma/stellar.gamenight,,,,,,,
"25th February, Tuesday",9:00pm-1:00am,The H-Bar: HederaCon After Party,Hedera and Developer DAO,https://lu.ma/sj923vbn,,,,,,,
"25th February, Tuesday",9:00pm-11:30pm,Zerion x Jokerace Karaoke Night,Zerion and JokerRace,https://lu.ma/psdzjtx3,,,,,,,
"25th February, Tuesday",10:00pm-1:00am,The Best Event at ETH Denver,"TBV, Petastic, Fideum, Zekr",https://lu.ma/TBE.ETHDEN25,,,,,,,
"26th February, Wednesday",7:50am-10:00am,"8 AM Sweat + Snooze w/ Nillion, EigenLayer and Mensana Fitness","Nillion, EigenLayer and Mensana Fitness",https://lu.ma/835fmcka,,,,,,,
"26th February, Wednesday",8:00am-10:00am,BREAKFAST AT THE OORT HACKER HOUSE,Jimmy Nagles and Maya Krz,https://lu.ma/53jkjimx,,,,,,,
"26th February, Wednesday",8:00am-12:00pm,Applied AI x Crypto Builders @ETHDenver,RPS AI,https://lu.ma/h2y6rnj1,,,,,,,
"26th February, Wednesday",8:00am-2:00pm,zk&coffee,Sindri and Google Cloud,https://lu.ma/ajkktide,,,,,,,
"26th February, Wednesday",8:00am-6:00pm,De.Fi WORLD 2025,DeFi,https://lu.ma/ea5p0roz,,,,,,,
"26th February, Wednesday",8:15am-10:35am,Energize and Innovate: Morning Workout with Theory Ventures and Disper,Theory Ventures and Disper,https://lu.ma/fodjl55j,,,,,,,
"26th February, Wednesday",8:30am-11:30am,Decentralized Media Summit,ACJR,https://lu.ma/i9gatw59,,,,,,,
"26th February, Wednesday",9:00am-11:00am,Crypto Monetization for Content Creators,Mike Sailor and ni¬¢k,https://lu.ma/i7grtxbq,,,,,,,
"26th February, Wednesday",9:00am-11:00am,Web3 Marketers Mastermind,Mike Sailor and ni¬¢k,https://lu.ma/piv4ctyj,,,,,,,
"26th February, Wednesday",9:00am-12:00pm,{ok} builders day | ETHDenver 2025,OKcontract Builders,https://lu.ma/pcwjy205,,,,,,,
"26th February, Wednesday",9:00am-12:00pm,"(For VCs) Founders & VC's Brunch hosted by DFG, Jsquare, and NEAR","DFG, Jsquare, and NEAR",https://lu.ma/jnh53w6u,,,,,,,
"26th February, Wednesday",9:00am-4:30pm,InnovateDenver,The Tie,https://www.innovate.thetie.io/,,,,,,,
"26th February, Wednesday",9:00am-5:00pm,DAO Day of Fun,Metagov and DAOstar,https://lu.ma/0zpf7wah,,,,,,,
"26th February, Wednesday",9:00am-5:00pm,Preconference @ ETHDenver 2025,Primev,https://lu.ma/makingethereumt,,,,,,,
"26th February, Wednesday",9:00am-6:00pm,Solana Ecosystem Summit @ ETH Denver,CrunchDAO,https://lu.ma/mhpreh2z,,,,,,,
"26th February, Wednesday",9:00am-7:00pm,Stable Summit II: Denver,Stake Capital Group,https://www.stablesummit.xyz/,,,,,,,
"26th February, Wednesday",9:00am-8:00pm,Super Agent Hackathon,Story and Zerebro,https://lu.ma/superagenthacka,,,,,,,
"26th February, Wednesday",9:30am-6:30pm,Defi Basecamp,Interop Ventures and DeFi D,https://lu.ma/o7m84b4w,,,,,,,
"26th February, Wednesday",9:30am-12:00pm,Breakfast Club at the AlgoRanch,Algorand Foundation,https://lu.ma/m7gu3dap,,,,,,,
"26th February, Wednesday",10:00am-10:20am,Pipelined Proving: Practical ZK proofs for Applications,,https://lu.ma/gyvnwp2i,,,,,,,
"26th February, Wednesday",10:00am-1:00pm,The Kernel Brunch Club,Divyushii Sinha,https://lu.ma/hxr3tlli,,,,,,,
"26th February, Wednesday",10:00am-1:00pm,Protocol Cup,"Arbitrum, Injective, Movement",https://lu.ma/protocolcup,,,,,,,
"26th February, Wednesday",10:00am-3:45pm,"Rocks, Talks, and Fast Blocks: Unichain climbing experience @ ETHDenver",Uniswap,https://lu.ma/wtkj7thx,,,,,,,
"26th February, Wednesday",10:00am-6:00pm,Safary Summit @ by Hype & Trust Wallet,"Safary, Hype and Trust Wallet",https://lu.ma/safarysummit,,,,,,,
"26th February, Wednesday",10:00am-6:00pm,WalletCon Denver 2025,Reown and WalletConnect,https://lu.ma/walletcondenver,,,,,,,
"26th February, Wednesday",10:00am-6:00pm,Open AGI Summit EthDenver,"AWS, Eigenlayer and Sentie",https://lu.ma/asjsb6k7,,,,,,,
"26th February, Wednesday",10:00am-6:00pm,Aavegotchi Game Night,Reddy Builders,https://lu.ma/fgp7sime,,,,,,,
"26th February, Wednesday",10:00am-7:00pm,SheFi Summit Denver,shefi.eth,https://lu.ma/0xsf7b0j,,,,,,,
"26th February, Wednesday",10:00am-7:00pm,DePIN Day Denver 2025,Fluence,https://lu.ma/depin-denver,,,,,,,
"26th February, Wednesday",10:00am-2:00am,"BEMO RAVE With Berachain, Movement & Lombard","Berachain Foundation, Lombard",https://lu.ma/bemo,,,,,,,
"26th February, Wednesday",10:30am-1:30pm,57Blocks ETHDenver Private Lunch: Client Appreciation and Fun,57BlocksTech,https://lu.ma/84zyt3ul,,,,,,,
"26th February, Wednesday",10:30am-2:00pm,Brunch by the Builder's Club,"The Builder's Club, Flare, M",https://lu.ma/zjtirdwv,,,,,,,
"26th February, Wednesday",10:30am-6:30pm,Multichain Day | ETHDenver 2025,Wrapped,https://lu.ma/multichaindayeth,,,,,,,
"26th February, Wednesday",10:45am-11:10am,"ZK Chains: Powering Verifiable Applications for the Private, Provable Web",,https://lu.ma/4tviqkp7,,,,,,,
"26th February, Wednesday",10:50am-1:00pm,11 AM Sweat + Snooze w/ Nillion and Mensana Fitness,Nillion and Mensana Fitness,https://lu.ma/d5w1jbmj,,,,,,,
"26th February, Wednesday",11:00am-12:30pm,Yoga Founder Flow by OFFLINE | ETHDenver,OFFLINE,https://lu.ma/founderflow,,,,,,,
"26th February, Wednesday",11:00am-5:00pm,Decentralized AI Day: Dawn of the Agents,Morpheus,https://lu.ma/d0q1zxoh,,,,,,,
"26th February, Wednesday",11:00am-5:00pm,"The Intersubjective Summit w/ Hetu, EigenLayer, Nethermind and QuarkC",Hetu Protocol,https://lu.ma/qzfwxaoj,,,,,,,
"26th February, Wednesday",11:00am-6:00pm,Modular & L2 Day | ETHDenver 2025,Epic Web3,https://lu.ma/L2DayDenver,,,,,,,
"26th February, Wednesday",11:30am-11:50am,Fast and cheap ZKPs: a practical guide to generate proofs on Firestarter,,https://lu.ma/48ut7whm,,,,,,,
"26th February, Wednesday",12:00pm-1:00pm,DEPIN x AI: R3al World ETHDenver,iotex.io,https://lu.ma/depin-ai-r3al-worl,,,,,,,
"26th February, Wednesday",12:00pm-3:00pm,D.A.R.E. - DeFi Anchors Revolutionary Economics,D.A.R.E.,https://lu.ma/unk5pw52,,,,,,,
"26th February, Wednesday",12:00pm-5:00pm,RWA Day @ ETH Denver,Syde Events,https://lu.ma/rwa-day-eth-denv,,,,,,,
"26th February, Wednesday",12:00pm-6:00pm,FOMO Factor: EP1 - Re/Staking,FOMO Factor Events,https://lu.ma/3dt9k2t3,,,,,,,
"26th February, Wednesday",4:00pm-8:00pm,Going Parabolic w/ Sprinter and Para,Para,https://lu.ma/ru8vevw3,,,,,,,
"26th February, Wednesday",4:00pm-8:00pm,Sui Presents Walrus,Sui,https://lu.ma/suipresentswalru,,,,,,,
"26th February, Wednesday",4:00pm-9:00pm,Solana Speed by OFFLINE | ETHDenver 2025,OFFLINE,https://lu.ma/solanaspeed,,,,,,,
"26th February, Wednesday",4:30pm-9:00pm,Outlier Ventures' Open House presents The Post Web | AI x Web3,Outlier Ventures,https://lu.ma/OV_OpenHouse,,,,,,,
"26th February, Wednesday",5:00pm-7:00pm,"L2 Roast @ ETHDenver by Bitcoin Layers, BOB, & Mezo","Bitcoin Layers, BOB, and Mezo",https://lu.ma/kxyphsuw,,,,,,,
"26th February, Wednesday",5:00pm-8:00pm,"AI Agents & Aperitifs with CMT Digital, Definitive, & Turnkey","CMT Digital, Definitive",https://lu.ma/ETHDenAlAgents,,,,,,,
"26th February, Wednesday",5:00pm-8:00pm,Level Up Denver: Web3 After Hours w/ SKALE & BGA,SKALE and BGA,https://lu.ma/li1bjn0x,,,,,,,
"26th February, Wednesday",5:00pm-10:00pm,Down The DeFi Rabbit Hole,"OCTAV, Safe and Beefy",https://lu.ma/pptxnrxr,,,,,,,
"26th February, Wednesday",5:00pm-11:30pm,Web3 Golf Experience,Tee Box Caddie,https://lu.ma/rqqh4two,,,,,,,
"26th February, Wednesday",6:00pm-8:00pm,Private VIP Dinner - Invite Only,499,https://lu.ma/dmx9qgibf,,,,,,,
"26th February, Wednesday",6:00pm-8:00pm,VIP REEception By Omnity,Omnity Network and Nolcha,https://lu.ma/aciuf4pd,,,,,,,
"26th February, Wednesday",6:00pm-8:30pm,MemeDAO: Crowdsourcing the Next Viral Token @ Denver,MemeDAO,https://lu.ma/959any8m,,,,,,,
"26th February, Wednesday",6:00pm-9:00pm,Apr√©s Bitcoin | After Party,"Stacks Foundation, BitcoinO",https://lu.ma/361pu1sd,,,,,,,
"26th February, Wednesday",6:00pm-9:00pm,Happy Hour and Darts with PayPal and Google Cloud,PayPal USD and Google Cloud,https://lu.ma/d8dpv31c,,,,,,,
"26th February, Wednesday",6:00pm-9:00pm,Pizza Castle,Unlock Protocol,https://app.unlock-protocol.cor,,,,,,,
"26th February, Wednesday",6:00pm-9:00pm,VIP SOIREE - BITCOIN RENAISSANCE,Babylon,https://lu.ma/jig0bywr,,,,,,,
"26th February, Wednesday",6:00pm-9:30pm,Mantle DeFi Meetup,1delta,https://lu.ma/m1ds92t0,,,,,,,
"26th February, Wednesday",6:00pm-10:00pm,Chippicon 2 üëÄ & Black Flag üé• DAO Social!!,Chippicon,https://www.chippicon.com/,,,,,,,
"26th February, Wednesday",6:00pm-10:00pm,DAO & Foundation Masterclass ETH Denver Meetup,The Decentralized Podcast,https://lu.ma/7acktlcl,,,,,,,
"26th February, Wednesday",6:00pm-12:00am,Symbiotic Society: Denver,Symbiotic,https://lu.ma/up3ip1bd,,,,,,,
"26th February, Wednesday",7:00pm-10:30pm,Meet Sonic Labs ‚Äî Denver,Sonic Labs,https://lu.ma/eiye4wn5,,,,,,,
"26th February, Wednesday",7:00pm-11:00pm,Stellar AFTER HOURS MIXER with OpenZeppelin + Axelar at Four Seasons,Stellar Development Foundation,https://lu.ma/Stellar.mixer,,,,,,,
"26th February, Wednesday",7:30pm-10:00pm,DraperU x Draper Dragon Mixer,Aaliyah Barker,https://lu.ma/eth-draper-mixer,,,,,,,
"26th February, Wednesday",7:30pm-10:30pm,PROOF OF DRIP,"LITA, POLYGON and PENU",https://lu.ma/entt91ol,,,,,,,
"26th February, Wednesday",8:00pm-12:00am,cRACK'd DEn,"Story, Zerebro, elizaOS, Cro",https://lu.ma/crackdden,,,,,,,
"26th February, Wednesday",8:00pm-12:00am,Agentic Idol - Hosted by ZEREBRO,Story and Zerebro,https://lu.ma/agenticidol,,,,,,,
"26th February, Wednesday",8:00pm-1:00am,THE OFFICIAL ETHDENVER OPENING NIGHT PARTY,Nolcha Shows and XForge,https://lu.ma/ETHDENVEROF,,,,,,,
"26th February, Wednesday",8:30pm-1:30am,Nova Mobile App Launch Party,WebZero,https://lu.ma/8zmiejmh,,,,,,,
"27th February, Thursday",ALL DAY,ZK/AI Day,ZKLab,https://www.zklab.systems/zke,,,,,,,
"27th February, Thursday",7:30am-8:30am,Omni Run Club @ Eth Denver,Omni Network,https://lu.ma/gd59wov4,,,,,,,
"27th February, Thursday",8:00am-10:30am,Rise and Grind Coffee Hour,Conduit.xyz and Thirdweb,https://lu.ma/em6ra0i7,,,,,,,
"27th February, Thursday",8:15am-10:00am,Dominate and Collaborate: Investor ONLY Competition by CoinFund and Dispersion,CoinFund and Dispersion,https://lu.ma/ss61t7po,,,,,,,
"27th February, Thursday",9:00am-1:00pm,Event Girlies Meet-Up @ ETHDenver | Powered by Serotonin,Serotonin,https://platform.serotonin.co/e,,,,,,,
"27th February, Thursday",9:00am-1:00pm,VNTR Investor Roundtable Denver,VNTR,https://lu.ma/4wdutben,,,,,,,
"27th February, Thursday",9:00am-11:00am,EthDenver - EY x EEA: The Future of Enterprise Ethereum & DeFi,Enterprise Ethereum Alliance,https://lu.ma/ljff79t5,,,,,,,
"27th February, Thursday",9:00am-11:00am,AI Crypto Trading Mastermind,Mike Sailor and ni¬¢k,https://lu.ma/vy9qekxp,,,,,,,
"27th February, Thursday",9:00am-11:00am,MEMECOIN SUMMIT,Mike Sailor and ni¬¢k,https://lu.ma/ekclpt2q,,,,,,,
"27th February, Thursday",9:00am-4:30pm,The AlgoRanch at The Ramble,Algorand Foundation,https://lu.ma/9flm1wtv,,,,,,,
"27th February, Thursday",9:00am-5:00pm,Paradigm Coffeehouse @ ETHDenver,Paradigm,https://lu.ma/hrq8odoj,,,,,,,
"27th February, Thursday",9:00am-5:00pm,Code & Get Paid: Aleo Builder Workshop (Part 1 of 2),Aleo,https://lu.ma/Aleo_EthDenver,,,,,,,
"27th February, Thursday",9:30am-12:00pm,On-Chain B2B Payments Day: Brunch & Panel,Bitwave,https://lu.ma/tv3mm3o09,,,,,,,
"27th February, Thursday",9:30am-3:30pm,Intersubjective DeSci,AuraSci,https://lu.ma/InterDeSci,,,,,,,
"27th February, Thursday",10:00am-12:00pm,Bitcoin DeFi Breakfast hosted by Babylon,Babylon,https://lu.ma/mtejkgun,,,,,,,
"27th February, Thursday",10:00am-12:00pm,Founders & Builder's Brunch | Day 1 @ ETH Denver,Supermoon,https://lu.ma/7u1dac0y,,,,,,,
"27th February, Thursday",10:00am-1:00pm,Circle Dev Summit Denver: Build with Circle‚Äôs developer tooling,Circle,https://lu.ma/5v62p03x,,,,,,,
"27th February, Thursday",10:00am-1:00pm,"Ski Chalet Brunch - H.E.R. DAO, Crypto Girls Club, dev3pack","H.E.R. DAO, Crypto Girls Club",https://lu.ma/111ma08n,,,,,,,
"27th February, Thursday",10:00am-1:00pm,Founder Mastermind at ETHDenver,Airfoil,https://lu.ma/founder-masterm,,,,,,,
"27th February, Thursday",10:00am-3:00pm,DEAI Summit,Big Brain Holdings and Block,https://lu.ma/bjki4pj0,,,,,,,
"27th February, Thursday",10:00am-3:00pm,AI Agent Day @ ETHDenver,OG Labs and Aethir,https://lu.ma/aiagentday,,,,,,,
"27th February, Thursday",10:00am-5:00pm,"d/Infra Summit hosted by 1kx, Inco + Miden","1kx, Inco and Miden",https://lu.ma/bwb6wqil,,,,,,,
"27th February, Thursday",10:00am-6:30pm,Schelling Point: Denver,Gitcoin,https://lu.ma/qr9mbaqz,,,,,,,
"27th February, Thursday",10:00am-8:00pm,Make Bitcoin Money Again,Spark,https://lu.ma/74c6mkek,,,,,,,
"27th February, Thursday",10:30am-12:30pm,ETHDenver Coffee w/BanklessVC + Faction VC,BanklessVC and Faction,https://lu.ma/oigf7zfw,,,,,,,
"27th February, Thursday",10:30am-6:00pm,NEAR AI Agent Games Day,NEAR Horizon,https://lu.ma/NEARAgentGam,,,,,,,
"27th February, Thursday",10:30am-6:30pm,Solana Snapshot | ETHDenver 2025,Wrapped,https://lu.ma/solanasnapshot,,,,,,,
"27th February, Thursday",11:00am-2:00pm,ETHDenver Founders & Investors Brunch (invite only),fractl,https://lu.ma/fractl_ethden,,,,,,,
"27th February, Thursday",11:00am-3:30pm,DeSci Exposed!,Syde Events,https://lu.ma/desci.exposed,,,,,,,
"27th February, Thursday",11:00am-5:00pm,Morph Consumer Day @ETHDENVER,Morph,https://lu.ma/imprxkd9,,,,,,,
"27th February, Thursday",12:00pm-2:00pm,"VIP LUNCH - DNA House at ETH Denver, February 27th, 2025",DNA,https://lu.ma/nihk61bv,,,,,,,
"27th February, Thursday",12:00pm-3:00pm,Appchains Power Lunch | ETH Denver 2025,"Syndicate, Alchemy, EigenLayer",https://lu.ma/cumn73p5,,,,,,,
"27th February, Thursday",1:00pm-5:00pm,The Institutional Hour,Chainalysis,https://lu.ma/ou4tm347,,,,,,,
"27th February, Thursday",1:00pm-6:00pm,Composability Day ETHDenver,Espresso,https://lu.ma/o2446knk,,,,,,,
"27th February, Thursday",1:00pm-6:00pm,Borderless Summit - ETH vs. SOL: Bridge the Divide or Battle for Domination,SynFutures,https://lu.ma/borderless-denve,,,,,,,
"27th February, Thursday",1:00pm-6:00pm,The Protocol Services Summit by Messari,Messari,https://lu.ma/3wosvhzu,,,,,,,
"27th February, Thursday",2:00pm-5:00pm,Unified ETH Prix,Malda (formerly Mendi Finar),https://lu.ma/hhnw7tth,,,,,,,
"27th February, Thursday",2:00pm-5:00pm,EthDenver | Master KOL Marketing and Discord Growth [Web3 MegaChar],Lever and CommunityOne,https://lu.ma/0ti2505m,,,,,,,
"27th February, Thursday",2:00pm-5:00pm,Accelerating BitcoinFi: Founders & Investors @ ETH Denver,Bitcoinfi.network,https://lu.ma/nmsm9rbu,,,,,,,
"27th February, Thursday",3:00pm-5:00pm,ETH Denver - VCs & LPs Cocktail Hour (invite only),fractl,https://lu.ma/ETHDen_VCsLP,,,,,,,
"27th February, Thursday",3:00pm-6:00pm,Retail is Here,Retail Alliance,https://lu.ma/kntw700k,,,,,,,
"27th February, Thursday",3:00pm-6:00pm,CollegeFest @ ETHDenver,College DAO,https://lu.ma/2ny5p2vv,,,,,,,
"27th February, Thursday",4:00pm-6:00pm,Zero Knowledge & Chill,"Dabl Club, EduDAO and ZK!",https://lu.ma/0roig26o,,,,,,,
"27th February, Thursday",4:00pm-6:00pm,On-Chain B2B Payments Day: Happy Hour,Bitwave,https://lu.ma/dvi9nmyp,,,,,,,
"27th February, Thursday",4:00pm-6:00pm,Scout Game Dev Hang,CharmVerse and Scout_Gar,https://lu.ma/hodpfb6m,,,,,,,
"27th February, Thursday",4:00pm-8:00pm,EthDenver Meet the VCs Happy Hour,CertiK Ventures,https://lu.ma/shhvygxm,,,,,,,
"27th February, Thursday",5:00pm-8:00pm,GLIF Pool Party,Jane Herman and Sierra He,https://lu.ma/444wnmwb,,,,,,,
"27th February, Thursday",5:00pm-8:00pm,QuickNode's Rollups Happy Hour at ETHDenver,QuickNode,https://lu.ma/quicknode-ethder,,,,,,,
"27th February, Thursday",5:00pm-9:00pm,Startup & VC Soiree | Supermoon & Cointelegraph | ETH Denver,Supermoon,https://lu.ma/vzy8djas,,,,,,,
"27th February, Thursday",5:00pm-9:00pm,"Lmeow-Woof: DeFi Take Over w/ Alchemix, Euler, Yearn",Rare Network,https://lu.ma/InOw7bap,,,,,,,
"27th February, Thursday",5:00pm-9:30pm,DePin Dinner,Syde Events,https://lu.ma/depin-dinner-eth,,,,,,,
"27th February, Thursday",5:00pm-10:00pm,BEYOND THE BLOCK by Third Planet Studio,Third Planet Studio,https://lu.ma/vbo8oztz,,,,,,,
"27th February, Thursday",5:30pm-7:30pm,"Cocktail Hour - DNA House at ETH Denver, February 27th, 2025.",DNA,https://lu.ma/d2zitiwj,,,,,,,
"27th February, Thursday",5:30pm-8:00pm,ETHDenver: Powering Payments for AI Agents & Humans,Coinbase Developer Platform,https://lu.ma/vpyilgfc,,,,,,,
"27th February, Thursday",5:30pm-9:30pm,"Go-Karts, Axes & More: Ammalgam x Botanix ETHDenver Takeover",Ammalgam,https://lu.ma/zt07I6tp,,,,,,,
"27th February, Thursday",6:00pm-7:30pm,DeFi Soiree,DeFi Soiree,https://lu.ma/1z3xd5fv,,,,,,,
"27th February, Thursday",6:00pm-8:00pm,Delegate Incentives Dinner (DAOstar & Scroll),DAOstar,https://app.unlock-protocol.cor,,,,,,,
"27th February, Thursday",6:00pm-9:00pm,"BUIDL Smarter: Brews, Blocks & Big Data with Couchbase",Kirsten,https://lu.ma/j8trsyiy,,,,,,,
"27th February, Thursday",6:00pm-9:00pm,Coinbound & Frens Marketer's + Builder's Happy Hour,Coinbound,https://lu.ma/ud54u396,,,,,,,
"27th February, Thursday",6:00pm-9:30pm,DeFi Founders Club,DeFi Founders Club,https://lu.ma/49o0pvm85,,,,,,,
"27th February, Thursday",6:00pm-10:00pm,"Come LAN party with Pistachio, Plume, Mantle, & EVMavericks",PistachioFi,https://lu.ma/ovij4jog2,,,,,,,
"27th February, Thursday",6:00pm-10:00pm,"TOP SHELF CIGAR NIGHT W/ UP TOP, TRIDENT DIGITAL, & ETANA","Trident Digital, Up Top and E",https://lu.ma/suoOpdf4,,,,,,,
"27th February, Thursday",6:00pm-10:00pm,"Hats & Friends, with Decent, Lemma, Tally and Unlock",Hats Protocol,https://app.unlock-protocol.cor,,,,,,,
"27th February, Thursday",6:00pm-11:00pm,"Builder Nights Denver - Presented by MetaMask, Linea, Eigenlayer",Francesco Andreoli,https://lu.ma/builddenver,,,,,,,
"27th February, Thursday",6:00pm-11:45pm,Blockworks <> Coinfund Poker Night @ ETH Denver,"Coinfund, Dexalot, and Flow",https://lu.ma/7283qpy3,,,,,,,
"27th February, Thursday",6:30pm-10:00pm,Student Retreat!,EduDAO and CollegeDAO,https://lu.ma/amke9hnh,,,,,,,
"27th February, Thursday",6:30pm-10:00pm,Cartesi Game Night,Cartesi,https://lu.ma/cartesigamenight,,,,,,,
"27th February, Thursday",7:00pm-9:00pm,[ETH DENVER] - Degens - Cinema Projection,DegensTheSeries,https://lu.ma/m48ub6iv,,,,,,,
"27th February, Thursday",7:00pm-9:30pm,Solana MEV Happy Hour,bloXroute and Kolibrio,https://lu.ma/hirpyb89,,,,,,,
"27th February, Thursday",7:00pm-10:00pm,Web3 Investor Soir√©e by Ga*3in Ventures at ETHDever2025 in Denver,Ga*3in Ventures,https://lu.ma/vowv8cti,,,,,,,
"27th February, Thursday",7:00pm-10:00pm,DeAI : The After Party @EthDenver,Openledger,https://lu.ma/deaiafterparty.der,,,,,,,
"27th February, Thursday",7:00pm-11:00pm,DePIN After Dark,XNET Foundation,https://lu.ma/zeihq79u,,,,,,,
"27th February, Thursday",7:00pm-12:00am,Kuru Eco Event,KB and Cozy,https://lu.ma/02t1abb8,,,,,,,
"27th February, Thursday",7:30pm-9:30pm,"DNA VIP Supper Club - DNA House at ETH Denver, February 27th, 2025.",DNA,https://lu.ma/390chv9s,,,,,,,
"27th February, Thursday",8:00pm-11:00pm,Pondo ZK DeFi Windown,Pondo,https://lu.ma/g3d99m6v,,,,,,,
"27th February, Thursday",8:00pm-11:00pm,The Spirit of Innovation: Powered by Akash,Akash,https://lu.ma/akashethdenver2,,,,,,,
"27th February, Thursday",9:00pm-12:00am,Ecosystem Agents Meetup,WebZero,https://lu.ma/ecosystemagents,,,,,,,
"27th February, Thursday",9:00pm-2:00am,DTF spectacle w/ Reserve,Reserve,https://lu.ma/twimtp03,,,,,,,
"27th February, Thursday",10:00pm-1:00am,"Legends Never Die Party- DNA House at ETH Denver, February 27th, 2025",DNA,https://lu.ma/msy0zzsb,,,,,,,
"27th February, Thursday",10:00pm-2:00am,MILADY SOIREE DENVER,SHAWTY,https://lu.ma/szsdiugj,,,,,,,
"27th February, Thursday",10:00pm-2:00am,Ritual After Hours: EthDenver,Ritual,https://lu.ma/9idgmzzl,,,,,,,
"27th February, Thursday",10:00pm-3:00am,rAlve the Night @ ETHDenver,0G Labs and Aethir,https://lu.ma/raivethenight_eth,,,,,,,
"28th February, Friday",7:00am-1:00pm,Berachain Community Meetup,0xCypheer,https://lu.ma/vb3udjha,,,,,,,
"28th February, Friday",7:15am-9:30am,5K Run & Walk for Code Security with Coffee & Breakfast!,Electric Capital and Certora,https://lu.ma/lwct07z9,,,,,,,
"28th February, Friday",8:15am-9:45am,Train Your Neural Nets: AI Morning Workout at ETHDenver!,"0G Labs, Symbolic Capital",https://lu.ma/4mlv96nj,,,,,,,
"28th February, Friday",9:00am-11:00am,Crypto Monetization for Content Creators,Mike Sailor and ni¬¢k,https://lu.ma/i7grtxbq,,,,,,,
"28th February, Friday",9:00am-12:00pm,Token Launch Simplified,The Web3Finance Club,https://lu.ma/st7hqvay,,,,,,,
"28th February, Friday",9:00am-1:00pm,AI Data Summit | ETHDenver,Vana,https://lu.ma/aidatasummit,,,,,,,
"28th February, Friday",9:00am-5:00pm,Showcase & Shine: Aleo Demo Day Workshop (Part 2 of 2),Aleo,https://lu.ma/Aleo_EthDenver,,,,,,,
"28th February, Friday",9:00am-6:00pm,CUBE SUMMIT 2025 - Denver,BuidlerDAO and Blockchain,https://lu.ma/minb4ef6,,,,,,,
"28th February, Friday",9:00am-6:00pm,MoveCon 2025 @ ETH Denver,Supra and Sui,https://lu.ma/mmbpjj75,,,,,,,
"28th February, Friday",10:00am-11:00pm,Haus of Nouns at ETHDenver,Nouns Town,https://lu.ma/9mtk65qh,,,,,,,
"28th February, Friday",10:00am-11:30pm,BTC Denver,BTC Denver 2025,https://www.eventbrite.com/e/t,,,,,,,
"28th February, Friday",10:00am-12:00pm,Grind and Grow ‚òï by HypeLab & Safary,Safary and HypeLab,https://lu.ma/grindandgrow,,,,,,,
"28th February, Friday",10:00am-12:30pm,Friends of Magna Brunch,Magna,https://lu.ma/u18p7dri,,,,,,,
"28th February, Friday",10:00am-3:00pm,"The Chain Reaction: DeSci, Longevity & AI","Supermoon, Peanut and Avi",https://lu.ma/19utaern,,,,,,,
"28th February, Friday",10:00am-4:00pm,"ETH Rising hosted by Re, Bitwise & NEAR",Re and Electric Capital,https://lu.ma/ethrising,,,,,,,
"28th February, Friday",10:00am-5:00pm,Bitcoin Renaissance (Day 2) hosted by Babylon,Babylon,https://lu.ma/smocg8zb,,,,,,,
"28th February, Friday",10:00am-5:30pm,Bleeding Edge Summit @ETHDenver Crypto Academic Conference,Bleeding Edge,https://lu.ma/bleedingedge,,,,,,,
"28th February, Friday",10:00am-9:00pm,Marketers Only by Hype & Friends,Hype,https://lu.ma/yzsvui6x,,,,,,,
"28th February, Friday",10:00am-12:00pm,Bitcoin DeFi Breakfast hosted by Babylon,Babylon Labs,https://lu.ma/87smd94t,,,,,,,
"28th February, Friday",10:00am-1:00pm,Circle Dev Summit Denver: Connect with the Circle Developer Community,Circle,https://lu.ma/4pvx6czk,,,,,,,
"28th February, Friday",11:00am-2:00pm,ETHDenver Founders & Investors Brunch üéÆ‚ú® (invite only),Fractl,https://lu.ma/ethden_gaming,,,,,,,
"28th February, Friday",11:00am-3:00pm,The Rollup Day by Zeeve (Eth Denver),Zeeve RaaS,https://lu.ma/zeeve-therollupde,,,,,,,
"28th February, Friday",11:00am-11:00pm,AI Hype(r)House by Hyperbolic + EigenLayer,Hyperbolic,https://lu.ma/hyperhouse,,,,,,,
"28th February, Friday",11:30am-5:00pm,Agentic Crypto Day,AltLayer,https://lu.ma/AltLayerDoesDer,,,,,,,
"28th February, Friday",12:00pm-2:00pm,Foundation Finance: CFO Luncheon @ ETHDenver,Caladan,https://lu.ma/FoundationFi,,,,,,,
"28th February, Friday",12:00pm-3:00pm,Meet the VCs at ETH Denver,"TBV, Petastic, Fideum, Zekr",https://lu.ma/TBE.MTVC.ETHD,,,,,,,
"28th February, Friday",12:00pm-6:00pm,Proof Point,LAGRANGE,https://lu.ma/proofpoint,,,,,,,
"28th February, Friday",12:30pm-6:00pm,Web3+AI & Consumer dApps - OnePieceCon,OnePiece Labs and 0G Labs,https://lu.ma/OPC2025FEB,,,,,,,
"28th February, Friday",12:30pm-6:00pm,Bitcoin Next - Ep. 25 | BTC Denver,Bitlayer,https://lu.ma/bitlayer2025denv,,,,,,,
"28th February, Friday",1:00pm-2:00am,ETHDenver Vibe Check 3.0,Proof of Vibes,https://partiful.com/e/ixqV6dvti,,,,,,,
"28th February, Friday",1:00pm-4:00pm,ETH Denver Happy Hour (Lazer x Caldera x Azura),Lazer,https://lu.ma/uqgz6m75,,,,,,,
"28th February, Friday",4:00pm-6:00pm,Orange JAM - ETHDenver Founder Meetup,Orange DAO,https://lu.ma/k27x7jxn,,,,,,,
"28th February, Friday",4:00pm-6:00pm,Circle Dev Summit Denver: Celebrate at the Community Happy Hour,Circle,https://lu.ma/dujvkdf7,,,,,,,
"28th February, Friday",4:00pm-6:00pm,EthDenver: Official Privacy and Security Happy Hour,Midnight Network and Openz,https://lu.ma/wlijtrst,,,,,,,
"28th February, Friday",4:00pm-6:00pm,"Supercharge your crypto: DeFi yield strategies for newbs, farmers, whales",Exponential.fi,https://lu.ma/1xkv7el5,,,,,,,
"28th February, Friday",4:00pm-7:00pm,Snowboarding w/ Friends,Mensana Fitness and Super,https://lu.ma/swqfecgm,,,,,,,
"28th February, Friday",4:00pm-7:30pm,Afternoon TEE Party,"Oasis, Phala, Automata",https://lu.ma/n0aepief,,,,,,,
"28th February, Friday",4:00pm-8:00pm,Filecoin Code n' Corgi Denver,"FIL-B, Filecoin Foundation",https://lu.ma/gd767xu5,,,,,,,
"28th February, Friday",4:00pm-8:00pm,KOLs Gathering: Denver Edition,Cointelegraph Accelerator,https://lu.ma/b1709f90,,,,,,,
"28th February, Friday",5:00pm-7:00pm,DePIN & AI Happy Hour ‚Äì Cocktails & Live Beats,Impossible Cloud Network,https://lu.ma/ta2qj1wu,,,,,,,
"28th February, Friday",5:00pm-7:00pm,Product Manager Networking Nexus - ETHDenver,Jeff Cangialos,https://lu.ma/ruxwsspo,,,,,,,
"28th February, Friday",5:00pm-7:00pm,"Diamonds Are Forever | AR.IO Arweave, & the AO Computer Club's ETH",AR.IO,https://lu.ma/fufammka,,,,,,,
"28th February, Friday",5:00pm-9:00pm,zkFriends Night @ ETHDenver,Mina Protocol and 0xLabs,https://lu.ma/Ikx1t90q,,,,,,,
"29th February, Friday",6:00pm-10:00pm,Game7 Happy Hour,EduDAO,https://lu.ma/9hy8ikd9,,,,,,,
"29th February, Friday",6:00pm-10:00pm,Universal Adventure ‚úñ Web3 In Bloom | Proof of Brew: Tasting the Crypto,"DFG, Jsquare and CoinList",https://lu.ma/a4q48irm,,,,,,,
"29th February, Friday",6:00pm-10:00pm,TAC and Chill @ Puttshack Denver,TAC,https://lu.ma/TACandChill_Der,,,,,,,
"29th February, Friday",6:00pm-10:00pm,"Somnia's Uniting Societies @ETHDenver 2025, Pizza Hour w/ Somnia &",Somnia,https://lu.ma/1prsinvj,,,,,,,
"29th February, Friday",6:00pm-11:00pm,AiFi Summit Denver,GAIB,https://lu.ma/AiFiSummitDenve,,,,,,,
"29th February, Friday",6:00pm-11:00pm,"Linea After Dark: A Night Out with Linea, ENS, Trusta Labs, and all of our",Linea,https://lu.ma/lineaafterdark,,,,,,,
"29th February, Friday",6:00pm-11:00pm,Karate Combat KC53 + IFC8 in Denver,Karate Combat,https://www.universe.com/evel,,,,,,,
"29th February, Friday",6:00pm-11:00pm,IQ50: Uniswap V4 Hook Founders Night @ EthDenver 2025,Semantic Layer,https://lu.ma/dgel102v,,,,,,,
"29th February, Friday",7:00pm-10:00pm,Sunrise DeFi Day,Reddy Builders,https://lu.ma/n129it64,,,,,,,
"29th February, Friday",7:00pm-10:00pm,deAI Ecosystem Dinner @ ETHDenver,Aethir and 0G,https://lu.ma/deai_ecosystem,,,,,,,
"29th February, Friday",7:30pm-10:30pm,GOAT Social: Bitcoin Founders & Funders Mixer,GOAT Network,https://lu.ma/goatsocialethden,,,,,,,
"29th February, Friday",8:00pm-11:00pm,0xMixer by Hexens,Hexens,https://lu.ma/79vay82k,,,,,,,
"29th February, Friday",8:00pm-11:00pm,Dogelon Mars Hangout @ETHDenver,4am Marketing,https://lu.ma/d9njjvvm,,,,,,,
"29th February, Friday",8:00pm-11:30pm,Gwei Gastropub | ETH Denver,"Republic, Superscrypt and F",https://lu.ma/hejkxOpd,,,,,,,
"29th February, Friday",8:00pm-12:00am,DEFI'ING DENVER | VC & LIQUID FUND PRIVATE DINNER,Turtle.Club,https://lu.ma/ytvcq4v8,,,,,,,
"29th February, Friday",8:00pm-1:30am,Conclave of the Celestials,Glow Foundation,https://lu.ma/6hz45cb6,,,,,,,
"29th February, Friday",8:00pm-2:00am,Proof of AI - Builder and Influencer Night by Paypal & KiteAI & 499,KiteAI and 499,https://lu.ma/vh7hrlp8,,,,,,,
"29th February, Friday",8:30pm-1:00am,Sips at MeowWolf by ProductShop & Absinthe,ProductShop and Absinthe,https://lu.ma/r38ron9y,,,,,,,
"29th February, Friday",10:00pm-2:00am,Mountain Time Lounge | ETHDenver 2025,"Zircuit, Mask, Fenwick and F",https://lu.ma/mountaintimelour,,,,,,,
"29th February, Friday",10:00pm-,"Tradwife Prom w Boys Club, Polygon, Space and Time","BoysClubWorld, Space and",https://partiful.com/e/Vysi4Co1,,,,,,,
"29th February, Friday",10:30pm-6:30am,Trenches RAVE,0xCypheer,https://lu.ma/omvmt6n5,,,,,,,
"29th February, Friday",11:00pm-5:00am,Regis Returns To Denver ++ [Rescheduled],Tekunomama,https://shotgun.live/en/events/,,,,,,,
"1st March, Saturday",1:00am-5:00am,Let's Get H(ai),AltLayer,https://lu.ma/letsgethai,,,,,,,
"1st March, Saturday",9:00am-11:00am,AI Crypto Trading Mastermind,Mike Sailor and ni¬¢k,https://lu.ma/9wnn27sn,,,,,,,
"1st March, Saturday",9:00am-11:00am,AI + DePIN Coffee Meetup w/ Halborn,Halborn,https://lu.ma/ethdenveraidepin,,,,,,,
"1st March, Saturday",9:00am-5:00pm,BUIDL Day @ ETHDenver Powered by DoraHacks,"DoraHacks, Dora Factory, C",https://lu.ma/xfvsquap,,,,,,,
"1st March, Saturday",10:00am-1:00pm,DCENTRAL x New Friendship Tech [Brunch],New Friendship Tech and D,https://lu.ma/lds8ul3j?tk=BMV,,,,,,,
"1st March, Saturday",11:00am-2:00pm,Eth4Good Impact Brunch,Blockchain4Good,https://lu.ma/el4p5mwo,,,,,,,
"1st March, Saturday",11:00am-3:00pm,AI Renaissance: Decentralized Intelligence & DePIN Innovations,XForge,https://lu.ma/wiph46w0,,,,,,,
"1st March, Saturday",11:00am-4:00pm,Injective Builder Day,Injective,https://lu.ma/Injective-BuilderL,,,,,,,
"1st March, Saturday",12:00pm-4:00pm,ZeFi Day | Building the Future of Private Finance with Zero-Knowledge Tech,Aleo,https://lu.ma/EthDenver_zefid√©,,,,,,,
"1st March, Saturday",1:00pm-5:00pm,DogeCon Denver 2025,QED Protocol,https://lu.ma/jd2cvn1x,,,,,,,
"1st March, Saturday",2:00pm-6:00pm,DIA Infra Gardens V6 ETHDenver 25,DIA,https://lu.ma/InfraGardens-De!,,,,,,,
"1st March, Saturday",2:00pm-6:00pm,Institutional Day | Transforming Global Markets with Blockchain,"Republic Technologies, Cald",https://lu.ma/hodl,,,,,,,
"1st March, Saturday",5:00pm-7:00pm,XION: Makes Beers Disappear,Sam Wright,https://lu.ma/q731mhe4,,,,,,,
"1st March, Saturday",5:00pm-9:00pm,Farcaster Meetup ETHDenver 2025,McBain and Matthew,https://events.xyz/178373a0,,,,,,,
"1st March, Saturday",5:30pm-9:00pm,Builder Demo Days,Reddy Builders,https://lu.ma/gtsm0i71,,,,,,,
"1st March, Saturday",6:00pm-9:00pm,Sui Ecosystem Happy Hour | ETHDenver,Sui Community,https://lu.ma/gii2yk24,,,,,,,
"1st March, Saturday",6:00pm-9:00pm,Liquid Fund Asset Manager's Roundtable: Risk vs Yield on USDC/ETH/B1,Atomica,https://lu.ma/pb45n3fm,,,,,,,
"1st March, Saturday",6:00pm-10:00pm,Agents Unleashed: Builders Night @ETHDenver,Agents Unleashed,https://lu.ma/7ulasmk8,,,,,,,
"1st March, Saturday",6:00pm-10:00pm,DIA Infra Gardens ETHDenver Afterparty,DIA,https://lu.ma/o008tk85,,,,,,,
"1st March, Saturday",6:30pm-9:00pm,Based AI Agents Builder Night @ ETHDenver 2025,ni¬¢k,https://lu.ma/I3cadx8j,,,,,,,
"1st March, Saturday",7:00pm-10:00pm,Starknet VC and Founders Lounge,Starknet Foundation,https://lu.ma/SNDenverMixer,,,,,,,
"1st March, Saturday",7:30pm-1:00am,DCENTRAL x New Friendship Tech After Hours,DCENTRAL and New Friend,https://lu.ma/5ud6np22,,,,,,,
"1st March, Saturday",8:00pm-12:00am,Boys in Denver,Mantle Network and Petra,https://lu.ma/vdb3vzjb,,,,,,,
"1st March, Saturday",8:00pm-3:00am,Blockspace Mansion Closing with Blockravers,WebZero,https://lu.ma/blockraversmans,,,,,,,
"1st March, Saturday",9:00pm-1:00am,Mike Sailor's Token Launch Party,Mike Sailor and ni¬¢k,https://lu.ma/jasinx44,,,,,,,
"1st March, Saturday",9:00pm-2:00am,Official {bash} ETHDenver Closing Party [secured by Polkadot],{bash},https://lu.ma/tmgr2qq2,,,,,,,
"1st March, Saturday",9:00pm-4:00am,APRES-ETH,Digital Spenders Club,https://lu.ma/xjprhm5q,,,,,,,
"2nd March, Sunday",7:50am-10:00am,"The Games by Nillion, Scroll, and Mensana Fitness","Mensana Fitness, Nillion",https://lu.ma/jghhb618,,,,,,,
"2nd March, Sunday",10:30am-3:30pm,The AI-Powered Data Economy Driving Longevity,Avinasi Labs,https://lu.ma/4n08bjet,,,,,,,
"2nd March, Sunday",11:00am-2:00pm,Not Your Ordinary Crypto Brunch @ ETH Denver w/ Halborn & Orbs,Halborn and Orbs,https://lu.ma/ethdenverbtcbrur,,,,,,,
"2nd March, Sunday",11:00am-7:00pm,Abstract Denver,Everclear,https://lu.ma/abstractdenver,,,,,,,
"2nd March, Sunday",12:00pm-6:00pm,Winter Blunt Olympics: Race across Mount Kushmore,BluntDAO,https://lu.ma/5y5x94nf,,,,,,,
"2nd March, Sunday",4:00pm-10:00pm,DeFi Dialogs,Leveraged Tokenized Vaults,https://lu.ma/6ydnwbwi,,,,,,,
"2nd March, Sunday",5:00pm-8:00pm,The Big Blockspace BBQ Cookout,WebZero and Polkadot,https://lu.ma/tcuby7ye,,,,,,,
"2nd March, Sunday",11:30pm-4:00am,THE RARE SKI RETREAT,Vinith.N,https://lu.ma/jfkxlkxn,,,,,,,
"3rd March, Monday",9:00am-11:30am,ETHDenver Shuttles to Mountain Retreat: Breckenridge from Denver - ON,Modal Booking,https://lu.ma/breckshuttle,,,,,,,
"3rd March, Monday",4:00pm-7:00pm,Rare Ski Retreat Happy Hour,Rare Network,https://lu.ma/ihgdpon1,,,,,,,
Feb20-Mar3,,ZKVillage,ZKLab,https://www.zklab.systems/nev,,,,,,,
Feb 22-Feb26,,House of Ink: ETHDenver,ink,https://lu.ma/kvj8I82q,,,,,,,
Feb 22-Mar3,,WEB3 Treasure Hunt | $10.000 $USDC,D-Drops World,https://lu.ma/gfvkx7fk,,,,,,,
Feb 22-Mar3,,Sozu Haus Denver 2025,"Virtuals, Eliza, Mantle, Story",https://lu.ma/qx54h73e,,,,,,,
Feb23-Feb25,,Institute of Open Science Practices ‚Äò25,SciOS and OpSci,https://iosp.io/,,,,,,,
Feb23-Feb26,,vlayer x ETH Denver Hacker House,vlayer,https://lu.ma/vlayerxethdenver,,,,,,,
Feb23-Feb26,,Hadron Ski House Denver,"Arpit, Hadron Founders Club",https://lu.ma/e7mccpf1,,,,,,,
Feb 23-Mar1,,HackSecret ETH Denver Hackerhouse,Secret Network and Autonor,https://lu.ma/1b214uv5,,,,,,,
Feb 23-Mar2,,Build Dapps in Denver with Web3 Alliance (Hackathon),Umar,https://lu.ma/6oye6evp,,,,,,,
Feb 23-Mar2,,Carrot Castle üè∞ Knight Nibbles-a-Lot,Christina BorrowLucid | Cho!,https://app.unlock-protocol.com,,,,,,,
Feb 23-Mar2,,Async House,,https://lu.ma/AsyncHouse,,,,,,,
Feb 23-Mar2,,Async House @ETHDenver 2025,,https://lu.ma/AsyncHackerHou,,,,,,,
"2nd March, Sunday",7:50am-10:00am,"The Games by Nillion, Scroll, and Mensana Fitness","Mensana Fitness, Nillion",https://lu.ma/jghhb618,,,,,,,
"2nd March, Sunday",10:30am-3:30pm,The AI-Powered Data Economy Driving Longevity,Avinasi Labs,https://lu.ma/4n08bjet,,,,,,,
"2nd March, Sunday",11:00am-2:00pm,Not Your Ordinary Crypto Brunch @ ETH Denver w/ Halborn & Orbs,Halborn and Orbs,https://lu.ma/ethdenverbtcbrur,,,,,,,
"2nd March, Sunday",11:00am-7:00pm,Abstract Denver,Everclear,https://lu.ma/abstractdenver,,,,,,,
"2nd March, Sunday",12:00pm-6:00pm,Winter Blunt Olympics: Race across Mount Kushmore,BluntDAO,https://lu.ma/5y5x94nf,,,,,,,
"2nd March, Sunday",4:00pm-10:00pm,DeFi Dialogs,Leveraged Tokenized Vaults,https://lu.ma/6ydnwbwi,,,,,,,
"2nd March, Sunday",5:00pm-8:00pm,The Big Blockspace BBQ Cookout,WebZero and Polkadot,https://lu.ma/tcuby7ye,,,,,,,
"2nd March, Sunday",11:30pm-4:00am,THE RARE SKI RETREAT,Vinith.N,https://lu.ma/jfkxlkxn,,,,,,,
"3rd March, Monday",9:00am-11:30am,ETHDenver Shuttles to Mountain Retreat: Breckenridge from Denver - ON,Modal Booking,https://lu.ma/breckshuttle,,,,,,,
"3rd March, Monday",4:00pm-7:00pm,Rare Ski Retreat Happy Hour,Rare Network,https://lu.ma/ihgdpon1,,,,,,,
Feb20-Mar3,ZKVillage,ZKLab,Denver,,,,,,,,
Feb22-Feb26,House of Ink: ETHDenver,ink,Denver,,,,,,,,
Feb22-Mar3,"WEB3 Treasure Hunt | $10,000 USDC",D-Drops World,Denver,,,,,,,,
Feb22-Mar3,Sozu Haus Denver 2025,"Virtuals, Eliza, Mantle, Story",Denver,,,,,,,,
Feb23-Feb25,Institute of Open Science Practices ‚Äò25,SciOS and OpSci,Denver,,,,,,,,
Feb23-Feb26,vlayer x ETH Denver Hacker House,vlayer,4745 Carr St,,,,,,,,
Feb23-Feb26,Hadron Ski House Denver,"Arpit, Hadron Founders Club",Breckenridge,,,,,,,,
Feb23-Mar1,HackSecret ETH Denver Hackerhouse,Secret Network and Autonor,Register to see address,,,,,,,,
Feb23-Mar2,Build Dapps in Denver with Web3 Alliance (Hackathon),Umar,Register to see address,,,,,,,,
Feb23-Mar2,Carrot Castle ‚öî Knight Nibbles-a-Lot,Christina BorrowLucid | Cho!,Denver,,,,,,,,
Feb23-Mar2,Async House,,Register to see address,,,,,,,,
Feb23-Mar2,Async House @ ETHDenver 2025,,Denver,,,,,,,,
Feb27-Feb28,,Rain Cafe featuring Avalanche,Rain and Avalanche,https://lu.ma/h9rahnvt,,,,,,,
Feb27-Feb28,,Bitcoin Renaissance - 2025 Hosted by Babylon,Babylon,https://lu.ma/9abbcosp,,,,,,,
Feb27-Feb28,,"DAY ACCESS, Where The Future of Web3, AI, and Capital Markets Converge",DNA,https://lu.ma/z8b9db6p,,,,,,,
Feb28-Mar1,,ZK Hub of ETHDenver,House of ZK,https://blocklive.io/zkhubethde,,,,,,,
Feb28-Mar1,,Elastic House: Feb 28 - March 1,"Abstract, Pudgy Penguins, S",https://lu.ma/elastichouseethdenv,,,,,,,
Mar1-Mar2,,DCENTRAL x New Friendship Tech [EthDenver],DCENTRAL and New Friend,https://lu.ma/newfriendshiptecl,,,,,,,
Mar3-Mar10,,Superfluid ETHDenver Hacker House,Superfluid,https://airtable.com/appXJa42,,,,,,,
Mar3-Mar13,,SUI Summit,SUI,https://docs.google.com/forms,,,,,,,
